Year,Id,Link_ID,Active,Link_Info,From_Core,To_Core,Euc_Dist,CW_Dist,LCP_Length,Shape_Length,cw_to_Euc_Dist_Ratio,cwd_to_Path_Length_Ratio,Current_Flow_Centrality,Effective_Resistance,cwd_to_Eff_Resist_Ratio
2015,0,1,1,"""Connects_cores""",1,43,7412,136849.36,8902,8902.051918159546,18.459999084472656,15.369999885559082,-1,3689.719970703125,37.089298248291016
2015,0,2,1,"""Connects_cores""",1,51,4758,84621.22,5168,5168.376668117149,17.790000915527344,16.3700008392334,-1,3303.27001953125,25.617399215698242
2015,0,3,1,"""Connects_cores""",1,54,1732,127893.25,7374,7374.701157743709,73.839996337890625,17.34000015258789,-1,5639.43017578125,22.67840003967285
2015,0,4,1,"""Connects_cores""",1,63,601,272669.16,763,763.6753802069805,453.69000244140625,357.3599853515625,-1,32995.1015625,8.263930320739746
2015,0,5,1,"""Connects_cores""",1,64,2027,191956.98,12747,12747.564917608475,94.69999694824219,15.0600004196167,-1,3988.530029296875,48.127201080322266
2015,0,6,1,"""Connects_cores""",1,68,16193,292190.16,17692,17692.266216200645,18.040000915527344,16.520000457763672,-1,5103.2998046875,57.25519943237305
2015,0,7,1,"""Connects_cores""",1,79,16021,310531.81,20465,20465.727327051216,19.3799991607666,15.170000076293945,-1,6353.72998046875,48.874000549316406
2015,0,8,1,"""Connects_cores""",2,73,16323,271217.22,18082,18082.052056224606,16.6200008392334,15,-1,4303,63.02980041503906
2015,0,9,1,"""Connects_cores""",2,83,10731,169815.5,11891,11891.240207196406,15.819999694824219,14.279999732971191,-1,2479.840087890625,68.47850036621094
2015,0,10,1,"""Connects_cores""",2,85,9798,165311.38,11127,11127.564797697534,16.8700008392334,14.859999656677246,-1,3252.010009765625,50.833499908447266
2015,0,11,1,"""Connects_cores""",2,87,718,38791.3,1191,1191.837700058131,54.029998779296875,32.56999969482422,-1,3417.75,11.349900245666504
2015,0,12,1,"""Connects_cores""",2,88,3544,113441.41,6071,6071.025878987895,32.0099983215332,18.690000534057617,-1,3636.010009765625,31.199399948120117
2015,0,13,1,"""Connects_cores""",2,89,8077,138729.45,9330,9330.214308720468,17.18000030517578,14.869999885559082,-1,1514.52001953125,91.59950256347656
2015,0,14,1,"""Connects_cores""",2,92,6885,114543.37,7914,7914.701309846409,16.639999389648437,14.470000267028809,-1,1659.949951171875,69.003997802734375
2015,0,15,1,"""Connects_cores""",2,95,4268,82687.13,5353,5353.675399239219,19.3700008392334,15.449999809265137,-1,1817.1199951171875,45.504398345947266
2015,0,16,1,"""Connects_cores""",2,98,1923,45036.5,2271,2271.837579997613,23.420000076293945,19.829999923706055,-1,1239.8499755859375,36.32419967651367
2015,0,17,1,"""Connects_cores""",2,100,1367,29002.95,1843,1843.6753187255522,21.219999313354492,15.739999771118164,-1,1291.5999755859375,22.45509910583496
2015,0,18,1,"""Connects_cores""",2,102,1842,39872.32,2271,2271.8377092867086,21.649999618530273,17.559999465942383,-1,1474.3900146484375,27.04330062866211
2015,0,19,1,"""Connects_cores""",2,103,816,18625.99,1191,1191.8377000581377,22.829999923706055,15.640000343322754,-1,796.13800048828125,23.39539909362793
2015,0,20,1,"""Connects_cores""",2,107,630,15040.78,1033,1033.6752794830802,23.8700008392334,14.5600004196167,-1,838.5830078125,17.93600082397461
2015,0,21,1,"""Connects_cores""",2,108,795,30248.2,1303,1303.675349466928,38.04999923706055,23.209999084472656,-1,2506.6201171875,12.067299842834473
2015,0,22,1,"""Connects_cores""",2,110,2292,36153.83,2877,2877.3507396292,15.770000457763672,12.569999694824219,-1,970.26702880859375,37.26169967651367
2015,0,23,1,"""Connects_cores""",2,111,1329,26541.69,1955,1955.5129802652814,19.969999313354492,13.579999923706055,-1,738.06201171875,35.961299896240234
2015,0,24,1,"""Connects_cores""",3,4,16214,437072.38,44826,44826.5843369688,26.959999084472656,9.75,-1,9769.419921875,44.738800048828125
2015,0,25,1,"""Connects_cores""",3,97,12467,130246.45,15775,15775.129845048456,10.449999809265137,8.260000228881836,-1,2059.6201171875,63.23809814453125
2015,0,26,1,"""Connects_cores""",3,103,8542,106941.96,10541,10541.240257271744,12.520000457763672,10.149999618530273,-1,1304.6300048828125,81.971099853515625
2015,0,27,1,"""Connects_cores""",3,104,6971,67351.92,8408,8408.376637224905,9.65999984741211,8.010000228881836,-1,1661.9000244140625,40.527000427246094
2015,0,28,1,"""Connects_cores""",3,111,5234,94400.79,6722,6722.863597657236,18.040000915527344,14.039999961853027,-1,1108.6300048828125,85.1511001586914
2015,0,29,1,"""Connects_cores""",3,112,2990,38157.26,3529,3529.188299717536,12.760000228881836,10.8100004196167,-1,1037.6199951171875,36.77370071411133
2015,0,30,1,"""Connects_cores""",3,114,5845,95295.33,6927,6927.350618690565,16.299999237060547,13.760000228881836,-1,1274.1600341796875,74.79060363769531
2015,0,31,1,"""Connects_cores""",3,118,2602,39029.26,3081,3081.8376192395367,15,12.670000076293945,-1,1023.5,38.13309860229492
2015,0,33,1,"""Connects_cores""",3,122,662,14126.3,1303,1303.675349466938,21.34000015258789,10.84000015258789,-1,1278.72998046875,11.047100067138672
2015,0,34,1,"""Connects_cores""",3,124,1363,20733.35,1797,1797.3506182674666,15.210000038146973,11.539999961853027,-1,923.7650146484375,22.444400787353516
2015,0,35,1,"""Connects_cores""",4,5,13366,243255.8,22004,22004.31819106114,18.200000762939453,11.0600004196167,-1,18495.400390625,13.152199745178223
2015,0,36,1,"""Connects_cores""",4,7,1928,34198.98,3752,3752.863598534046,17.739999771118164,9.109999656677246,-1,2074.969970703125,16.481700897216797
2015,0,37,1,"""Connects_cores""",4,17,82273,1001246.44,93653,93653.55169887473,12.170000076293945,10.6899995803833,-1,17194.5,58.230499267578125
2015,0,38,1,"""Connects_cores""",4,19,78839,979190.94,94575,94575.38945823698,12.420000076293945,10.350000381469727,-1,15807.099609375,61.9463996887207
2015,0,39,1,"""Connects_cores""",4,46,56250,918468.75,91415,91415.43503175085,16.329999923706055,10.050000190734863,-1,12580.7998046875,73.00579833984375
2015,0,40,1,"""Connects_cores""",4,62,49618,913132.69,94829,94829.493604122,18.399999618530273,9.630000114440918,-1,8635.6796875,105.73899841308594
2015,0,41,1,"""Connects_cores""",4,94,35562,438392.56,44452,44452.69477963115,12.329999923706055,9.859999656677246,-1,12934.099609375,33.89419937133789
2015,0,42,1,"""Connects_cores""",4,97,33385,417599.91,42246,42246.3700485831,12.510000228881836,9.880000114440918,-1,13116.2001953125,31.838600158691406
2015,0,44,1,"""Connects_cores""",4,131,552,42909.98,1461,1461.8376700440126,77.73999786376953,29.3700008392334,-1,3671.639892578125,11.68690013885498
2015,0,45,1,"""Connects_cores""",4,132,913,105392.62,2113,2113.6752594205313,115.44000244140625,49.880001068115234,-1,12072.400390625,8.730050086975098
2015,0,46,1,"""Connects_cores""",4,133,547,7266.85,921,921.8376300729649,13.279999732971191,7.889999866485596,-1,784.69000244140625,9.26078987121582
2015,0,47,1,"""Connects_cores""",4,134,2700,766956,4944,4944.701169302316,284.05999755859375,155.1300048828125,-1,128453,5.970719814300537
2015,0,49,1,"""Connects_cores""",4,136,15239,2207146,60173,60173.55173288257,144.83999633789062,36.68000030517578,-1,253940,8.69159984588623
2015,0,50,1,"""Connects_cores""",4,137,10259,1509584.13,52575,52575.175164192035,147.14999389648437,28.709999084472656,-1,148424,10.170700073242187
2015,0,51,1,"""Connects_cores""",4,138,561,351076.5,1033,1033.6753794810477,625.79998779296875,339.8599853515625,-1,35508.1015625,9.88720989227295
2015,0,52,1,"""Connects_cores""",4,139,1524,548334.38,1909,1909.1883090969957,359.79998779296875,287.239990234375,-1,32882.1015625,16.675800323486328
2015,0,54,1,"""Connects_cores""",4,144,13364,3529539,15262,15262.266186337412,264.1099853515625,231.25999450683594,-1,273853,12.888500213623047
2015,0,55,1,"""Connects_cores""",4,146,7154,1274488.13,44548,44548.63617564655,178.14999389648437,28.610000610351562,-1,92081.203125,13.840900421142578
2015,0,57,1,"""Connects_cores""",4,184,12624,135008.98,15123,15123.292243540178,10.6899995803833,8.930000305175781,-1,2109.3798828125,64.00420379638672
2015,0,58,1,"""Connects_cores""",4,194,5659,75531.88,6518,6518.376718042971,13.350000381469727,11.59000015258789,-1,1103.9200439453125,68.42150115966797
2015,0,59,1,"""Connects_cores""",4,202,921,9302.88,1080,1079.9999799393117,10.100000381469727,8.609999656677246,-1,521.92498779296875,17.824199676513672
2015,0,60,1,"""Connects_cores""",4,205,4404,66339.5,6611,6611.025977538811,15.0600004196167,10.029999732971191,-1,1426.5999755859375,46.50170135498047
2015,0,61,1,"""Connects_cores""",4,207,622,5291.85,809,810.0000099558383,8.510000228881836,6.539999961853027,-1,274.1700134277344,19.30139923095703
2015,0,62,1,"""Connects_cores""",4,210,1690,19618.27,2607,2607.350598933474,11.609999656677246,7.53000020980835,-1,821.3389892578125,23.885700225830078
2015,0,63,1,"""Connects_cores""",4,212,7499,108083.04,10271,10271.240316575148,14.40999984741211,10.520000457763672,-1,2138.699951171875,50.53689956665039
2015,0,64,1,"""Connects_cores""",4,215,694,8898,1303,1303.675420177483,12.819999694824219,6.829999923706055,-1,498.52899169921875,17.848499298095703
2015,0,65,1,"""Connects_cores""",5,121,2955,38704.4,3529,3529.1882582943877,13.100000381469727,10.970000267028809,-1,735.385009765625,52.631500244140625
2015,0,67,1,"""Connects_cores""",5,125,2160,40813.15,2653,2653.675411522871,18.889999389648438,15.380000114440918,-1,1233.4300537109375,33.0890007019043
2015,0,68,1,"""Connects_cores""",5,126,2320,44524.31,3193,3193.675310072257,19.190000534057617,13.9399995803833,-1,916.46600341796875,48.58259963989258
2015,0,69,1,"""Connects_cores""",5,128,1409,26485.8,1797,1797.3505889781813,18.799999237060547,14.739999771118164,-1,1198.1600341796875,22.105300903320313
2015,0,70,1,"""Connects_cores""",6,157,723,31447.07,4385,4385.512939417961,43.5,7.170000076293945,-1,1735.7099609375,18.117700576782227
2015,0,71,1,"""Connects_cores""",6,158,1820,306407.75,7170,7170.214348843179,168.36000061035156,42.72999954223633,-1,60119,5.0966901779174805
2015,0,72,1,"""Connects_cores""",6,166,3414,36008.22,5010,5010.2142475434175,10.550000190734863,7.190000057220459,-1,2846.9599609375,12.64799976348877
2015,0,73,1,"""Connects_cores""",6,169,1519,39674.64,4991,4991.025999051586,26.1200008392334,7.949999809265137,-1,2884.7900390625,13.753100395202637
2015,0,74,1,"""Connects_cores""",6,177,1339,177209.48,1890,1889.99998989515,132.33999633789063,93.76000213623047,-1,13252.400390625,13.371899604797363
2015,0,75,1,"""Connects_cores""",6,183,3226,92372.52,5326,5326.538888695737,28.6299991607666,17.34000015258789,-1,3558.860107421875,25.95560073852539
2015,0,77,1,"""Connects_cores""",7,8,978,174901.38,3845,3845.5129994491617,178.83999633789062,45.4900016784668,-1,12984.599609375,13.469900131225586
2015,0,78,1,"""Connects_cores""",7,10,750,39921.54,1955,1955.5129095547172,53.22999954223633,20.420000076293945,-1,1640.199951171875,24.339500427246094
2015,0,79,1,"""Connects_cores""",7,149,6498,1307824.88,8184,8184.701467696191,201.27000427246094,159.8000030517578,-1,106872,12.237299919128418
2015,0,80,1,"""Connects_cores""",7,156,2633,955783,3101,3101.026009156981,363,308.2200012207031,-1,88693.796875,10.776200294494629
2015,0,81,1,"""Connects_cores""",7,161,901,18794.79,1685,1685.5129981492423,20.860000610351563,11.149999618530273,-1,2746.909912109375,6.842140197753906
2015,0,84,1,"""Connects_cores""",7,188,3246,57182.59,5550,5550.214328933343,17.6200008392334,10.300000190734863,-1,5109.18994140625,11.192099571228027
2015,0,85,1,"""Connects_cores""",7,189,4245,763003.44,6992,6992.863609064408,179.74000549316406,109.12999725341797,-1,51689.19921875,14.76140022277832
2015,0,86,1,"""Connects_cores""",7,190,11210,113821.4,13063,13063.889575918798,10.149999618530273,8.710000038146973,-1,1158.030029296875,98.28919982910156
2015,0,87,1,"""Connects_cores""",7,191,606,58608.19,2225,2225.51290883119,96.70999908447266,26.34000015258789,-1,10380.599609375,5.64592981338501
2015,0,89,1,"""Connects_cores""",7,193,1110,866286.63,13623,13623.078076512047,780.44000244140625,63.59000015258789,-1,66294.5,13.067299842834473
2015,0,90,1,"""Connects_cores""",7,196,5177,1296331.13,8724,8724.70121979681,250.39999389648437,148.58999633789062,-1,100729,12.869500160217285
2015,0,92,1,"""Connects_cores""",7,198,1830,81072.05,2225,2225.5130088291617,44.29999923706055,36.439998626708984,-1,9895.150390625,8.193110466003418
2015,0,93,1,"""Connects_cores""",7,200,4017,328264.78,7058,7058.376616590478,81.720001220703125,46.5099983215332,-1,29198.400390625,11.242600440979004
2015,0,94,1,"""Connects_cores""",7,204,2756,162148.81,3529,3529.1883290068213,58.83000183105469,45.95000076293945,-1,8223.259765625,19.718299865722656
2015,0,95,1,"""Connects_cores""",7,206,1580,46873.07,2271,2271.8376092868784,29.670000076293945,20.639999389648437,-1,6665.68017578125,7.0320000648498535
2015,0,96,1,"""Connects_cores""",7,208,1597,22578.99,2337,2337.3506996579417,14.140000343322754,9.65999984741211,-1,692.67498779296875,32.5968017578125
2015,0,97,1,"""Connects_cores""",7,209,1756,32150.3,2337,2337.350628947366,18.309999465942383,13.760000228881836,-1,1634.4000244140625,19.671100616455078
2015,0,98,1,"""Connects_cores""",7,211,803,79792.3,3417,3417.3506088879953,99.37000274658203,23.350000381469727,-1,15987.900390625,4.990809917449951
2015,0,99,1,"""Connects_cores""",7,212,727,13066.62,1191,1191.8377293473966,17.969999313354492,10.970000267028809,-1,307.9020080566406,42.437599182128906
2015,0,100,1,"""Connects_cores""",7,213,977,92466.78,3035,3035.51294807071,94.63999938964844,30.469999313354492,-1,7238.5,12.774299621582031
2015,0,101,1,"""Connects_cores""",7,214,2977,186330.78,8362,8362.052061032002,62.59000015258789,22.280000686645508,-1,7048.16015625,26.436800003051758
2015,0,102,1,"""Connects_cores""",7,216,566,22578.95,1079,1079.9999799393117,39.88999938964844,20.93000030517578,-1,1172.1199951171875,19.2632999420166
2015,0,103,1,"""Connects_cores""",7,217,601,107594.96,921,921.8376593614589,179.02999877929687,116.81999969482422,-1,10409.599609375,10.336199760437012
2015,0,104,1,"""Connects_cores""",7,218,2961,261495.11,4879,4879.188208220911,88.30999755859375,53.599998474121094,-1,37453.6015625,6.981840133666992
2015,0,105,1,"""Connects_cores""",7,219,613,329218.03,921,921.8376300729714,537.05999755859375,357.4599914550781,-1,19288.599609375,17.06800079345703
2015,0,106,1,"""Connects_cores""",7,220,1088,41131.58,2113,2113.6752594229397,37.79999923706055,19.469999313354492,-1,7668.31005859375,5.363840103149414
2015,0,108,1,"""Connects_cores""",7,223,1224,36902.05,2067,2067.3506589633475,30.149999618530273,17.850000381469727,-1,911.56201171875,40.482200622558594
2015,0,109,1,"""Connects_cores""",7,224,544,8180.06,810,810.0000099558383,15.039999961853027,10.100000381469727,-1,158.1219940185547,51.73249816894531
2015,0,110,1,"""Connects_cores""",7,225,1698,200636,5531,5531.026068306883,118.16000366210937,36.27000045776367,-1,19700.099609375,10.184499740600586
2015,0,119,1,"""Connects_cores""",9,174,3254,1121523,5372,5372.863618444961,344.6600036621094,208.77000427246094,-1,123164,9.10591983795166
2015,0,121,1,"""Connects_cores""",9,182,970,295886.81,1527,1527.3506189928453,305.0400085449219,193.77000427246094,-1,43529.19921875,6.797440052032471
2015,0,122,1,"""Connects_cores""",9,185,2320,929453.44,2989,2989.188189035161,400.6300048828125,310.9599914550781,-1,163616,5.680689811706543
2015,0,123,1,"""Connects_cores""",9,192,2679,173854.36,3035,3035.5129602059105,64.9000015258789,57.279998779296875,-1,26962.599609375,6.447969913482666
2015,0,124,1,"""Connects_cores""",9,196,6917,1784349,11193,11193.07784664936,257.9700012207031,159.4199981689453,-1,219513,8.128669738769531
2015,0,125,1,"""Connects_cores""",9,197,4570,956584.69,5773,5773.88952774925,209.32000732421875,165.6999969482422,-1,102865,9.299440383911133
2015,0,126,1,"""Connects_cores""",9,200,5396,1159481.88,6834,6834.701159195597,214.8800048828125,169.66000366210937,-1,81096.703125,14.297499656677246
2015,0,127,1,"""Connects_cores""",10,219,783,112638.6,1955,1955.5129095560537,143.86000061035156,57.619998931884766,-1,14668.7001953125,7.6788201332092285
2015,0,128,1,"""Connects_cores""",10,222,811,188459.11,2225,2225.512979541216,232.3800048828125,84.69999694824219,-1,22577.69921875,8.347129821777344
2015,0,131,1,"""Connects_cores""",11,12,1360,489711.53,3193,3193.675310072277,360.0799865722656,153.3699951171875,-1,26748.30078125,18.3080997467041
2015,0,132,1,"""Connects_cores""",11,13,1574,674823.31,1890,1889.99998989515,428.7300109863281,357.04998779296875,-1,100649,6.704730033874512
2015,0,133,1,"""Connects_cores""",11,15,7051,517035.75,20010,20010.428613813438,73.33000183105469,25.84000015258789,-1,67641.1015625,7.643819808959961
2015,0,134,1,"""Connects_cores""",12,15,8578,296174.66,17757,17757.77919443853,34.529998779296875,16.68000030517578,-1,25920.099609375,11.426400184631348
2015,0,135,1,"""Connects_cores""",12,28,26903,474253.06,29633,29633.123306817768,17.6299991607666,16,-1,23900.400390625,19.842899322509766
2015,0,136,1,"""Connects_cores""",13,15,5092,650954.31,6722,6722.8636683688965,127.83999633789062,96.839996337890625,-1,48953.8984375,13.297300338745117
2015,0,137,1,"""Connects_cores""",15,17,11784,256861.25,15616,15616.967595183038,21.799999237060547,16.450000762939453,-1,5404.740234375,47.52519989013672
2015,0,138,1,"""Connects_cores""",15,19,5009,111977.88,6341,6341.02606110545,22.360000610351563,17.65999984741211,-1,4188.7900390625,26.732799530029297
2015,0,139,1,"""Connects_cores""",15,28,28077,441343.38,30709,30709.831191658748,15.720000267028809,14.369999885559082,-1,5625.06005859375,78.46019744873047
2015,0,140,1,"""Connects_cores""",17,19,10993,245258.88,14591,14591.24037775616,22.309999465942383,16.809999465942383,-1,3771.9599609375,65.02159881591797
2015,0,141,1,"""Connects_cores""",17,25,2955,141784.38,4069,4069.1884103991483,47.97999954223633,34.849998474121094,-1,8119.14013671875,17.46299934387207
2015,0,142,1,"""Connects_cores""",19,25,7428,197179.55,9534,9534.70145904554,26.549999237060547,20.68000030517578,-1,9173.5498046875,21.494400024414063
2015,0,143,1,"""Connects_cores""",19,28,26616,401570.91,28473,28473.077925681962,15.09000015258789,14.100000381469727,-1,3687.22998046875,108.90899658203125
2015,0,144,1,"""Connects_cores""",19,31,26125,396856.84,28576,28576.967583746915,15.1899995803833,13.890000343322754,-1,4368.89990234375,90.83689880371094
2015,0,145,1,"""Connects_cores""",19,46,33548,505937.25,36159,36159.44805762345,15.079999923706055,13.989999771118164,-1,4304.85009765625,117.5270004272461
2015,0,146,1,"""Connects_cores""",22,33,16213,277781.78,17684,17684.31818343659,17.1299991607666,15.710000038146973,-1,13572.7001953125,20.46619987487793
2015,0,147,1,"""Connects_cores""",22,36,13323,312164.03,17256,17256.15579287488,23.43000030517578,18.09000015258789,-1,10030.2001953125,31.122400283813477
2015,0,148,1,"""Connects_cores""",24,28,19106,293466.41,20334,20334.701287730342,15.359999656677246,14.430000305175781,-1,2761.1201171875,106.28500366210937
2015,0,149,1,"""Connects_cores""",24,29,4939,77893.73,5503,5503.8895870532,15.770000457763672,14.149999618530273,-1,2385.81005859375,32.648799896240234
2015,0,150,1,"""Connects_cores""",24,34,11842,191175.02,12693,12693.292213675599,16.139999389648438,15.0600004196167,-1,2495.72998046875,76.600799560546875
2015,0,151,1,"""Connects_cores""",24,38,12726,199056.09,14163,14163.077957905745,15.640000343322754,14.050000190734863,-1,2446.97998046875,81.347503662109375
2015,0,152,1,"""Connects_cores""",24,44,13419,232332.36,15335,15335.727297338843,17.309999465942383,15.149999618530273,-1,2634.929931640625,88.17400360107422
2015,0,153,1,"""Connects_cores""",28,31,2261,64407.07,2561,2561.025969186479,28.489999771118164,25.149999618530273,-1,2057.2099609375,31.308000564575195
2015,0,154,1,"""Connects_cores""",28,34,9997,172337.69,11285,11285.727276853739,17.239999771118164,15.270000457763672,-1,2489.6298828125,69.222198486328125
2015,0,155,1,"""Connects_cores""",28,45,10860,196227.41,12990,12990.42843562645,18.06999969482422,15.109999656677246,-1,2210.47998046875,88.77130126953125
2015,0,156,1,"""Connects_cores""",29,35,6385,102946.75,7262,7262.863779047557,16.1200008392334,14.180000305175781,-1,2373.159912109375,43.37950134277344
2015,0,157,1,"""Connects_cores""",29,36,9431,145185.98,10355,10355.941655438783,15.390000343322754,14.020000457763672,-1,3260.030029296875,44.535099029541016
2015,0,158,1,"""Connects_cores""",29,38,8713,136920.81,9673,9673.675289708524,15.710000038146973,14.149999618530273,-1,3124.860107421875,43.81660079956055
2015,0,159,1,"""Connects_cores""",29,44,11703,195710.95,13576,13576.753305345253,16.719999313354492,14.420000076293945,-1,3523.10009765625,55.55070114135742
2015,0,160,1,"""Connects_cores""",31,45,11557,207926.02,14024,14024.10384439733,17.989999771118164,14.829999923706055,-1,3053.64990234375,68.09110260009766
2015,0,161,1,"""Connects_cores""",31,46,9396,172439.45,11667,11667.564937667845,18.350000381469727,14.779999732971191,-1,3270.860107421875,52.71989822387695
2015,0,162,1,"""Connects_cores""",33,36,22426,376911.53,24357,24357.564885538453,16.809999465942383,15.470000267028809,-1,5046.6201171875,74.68589782714844
2015,0,163,1,"""Connects_cores""",33,55,15601,416127.09,17580,17580.42842536942,26.670000076293945,23.670000076293945,-1,8879.9404296875,46.86149978637695
2015,0,164,1,"""Connects_cores""",33,68,23969,490152.22,35029,35029.83138212919,20.450000762939453,13.989999771118164,-1,6196.8798828125,79.0967025756836
2015,0,165,1,"""Connects_cores""",33,70,19838,448352.13,21322,21322.052066754983,22.600000381469727,21.030000686645508,-1,10368.099609375,43.243499755859375
2015,0,166,1,"""Connects_cores""",34,44,10335,162847.91,11370,11370.428615718693,15.760000228881836,14.319999694824219,-1,2810.679931640625,57.938899993896484
2015,0,167,1,"""Connects_cores""",34,45,7204,106907.68,7571,7571.240287437275,14.84000015258789,14.119999885559082,-1,1909.1199951171875,55.99850082397461
2015,0,168,1,"""Connects_cores""",35,36,2555,48167.05,3351,3351.837659936761,18.850000381469727,14.369999885559082,-1,1402.8299560546875,34.335601806640625
2015,0,169,1,"""Connects_cores""",35,38,2311,39035.74,2831,2831.025939169953,16.889999389648438,13.789999961853027,-1,1258.219970703125,31.024599075317383
2015,0,170,1,"""Connects_cores""",35,39,1993,39378.39,2719,2719.1883190509716,19.760000228881836,14.479999542236328,-1,1527.31005859375,25.782899856567383
2015,0,171,1,"""Connects_cores""",35,40,1098,21990.57,1573,1573.675319450947,20.030000686645508,13.979999542236328,-1,644.28802490234375,34.13159942626953
2015,0,172,1,"""Connects_cores""",35,42,2249,37809.45,2700,2699.9999998491257,16.809999465942383,14,-1,1528.469970703125,24.7367000579834
2015,0,173,1,"""Connects_cores""",36,39,2661,45095.74,3259,3259.1883590214784,16.950000762939453,13.84000015258789,-1,2014.72998046875,22.382999420166016
2015,0,175,1,"""Connects_cores""",36,68,19656,319846.06,21445,21445.12993189047,16.270000457763672,14.90999984741211,-1,4372.419921875,73.15080261230469
2015,0,176,1,"""Connects_cores""",38,42,2321,43531.21,2923,2923.6753693762003,18.760000228881836,14.890000343322754,-1,2056.5400390625,21.167200088500977
2015,0,177,1,"""Connects_cores""",38,43,1260,26139.45,1685,1685.512939570698,20.75,15.510000228881836,-1,1239.56005859375,21.087600708007812
2015,0,178,1,"""Connects_cores""",38,44,4982,84118.47,5801,5801.0260382946235,16.8799991607666,14.5,-1,2282.3798828125,36.85559844970703
2015,0,179,1,"""Connects_cores""",39,40,710,17695.38,1303,1303.67527875505,24.920000076293945,13.579999923706055,-1,1326.1800537109375,13.343099594116211
2015,0,180,1,"""Connects_cores""",39,51,5888,87470.88,6545,6545.513028586785,14.859999656677246,13.359999656677246,-1,2232.5400390625,39.179901123046875
2015,0,181,1,"""Connects_cores""",40,42,830,16258.77,1145,1145.5129996005714,19.59000015258789,14.199999809265137,-1,1304.7099609375,12.461600303649902
2015,0,182,1,"""Connects_cores""",40,51,4816,70991.12,5353,5353.67529923884,14.739999771118164,13.260000228881836,-1,1431.949951171875,49.576698303222656
2015,0,183,1,"""Connects_cores""",42,43,3695,67042.43,4161,4161.8375991820285,18.139999389648438,16.110000610351563,-1,2109.800048828125,31.77669906616211
2015,0,184,1,"""Connects_cores""",42,51,5218,86330.21,6136,6136.538998649524,16.540000915527344,14.069999694824219,-1,2253.179931640625,38.31480026245117
2015,0,185,1,"""Connects_cores""",43,44,2698,49056.43,3305,3305.512888767323,18.18000030517578,14.84000015258789,-1,1742.280029296875,28.156400680541992
2015,0,186,1,"""Connects_cores""",43,51,7844,119493.94,8334,8334.915596935567,15.229999542236328,14.34000015258789,-1,1983.469970703125,60.24480056762695
2015,0,187,1,"""Connects_cores""",43,54,7184,119309.83,8296,8296.538917108734,16.610000610351563,14.380000114440918,-1,3234.31005859375,36.88880157470703
2015,0,188,1,"""Connects_cores""",44,45,11074,171057.11,12068,12068.590905554951,15.449999809265137,14.170000076293945,-1,2197.760009765625,77.8324966430664
2015,0,189,1,"""Connects_cores""",44,54,7409,115550.36,7783,7783.675299813899,15.600000381469727,14.850000381469727,-1,3368.06005859375,34.307701110839844
2015,0,190,1,"""Connects_cores""",45,46,1358,40648.48,1955,1955.5129388453192,29.93000030517578,20.790000915527344,-1,1034.0699462890625,39.30939865112305
2015,0,191,1,"""Connects_cores""",45,47,671,15402.24,1079,1079.9999799393117,22.950000762939453,14.270000457763672,-1,732.6920166015625,21.021400451660156
2015,0,192,1,"""Connects_cores""",45,54,10531,164526.91,11312,11312.863599532233,15.619999885559082,14.539999961853027,-1,2870.60009765625,57.31439971923828
2015,0,193,1,"""Connects_cores""",45,59,4141,73469.19,4740,4740.214348268666,17.739999771118164,15.5,-1,1124.1800537109375,65.35350036621094
2015,0,194,1,"""Connects_cores""",45,62,736,16121.02,921,921.837659364093,21.899999618530273,17.5,-1,798.4329833984375,20.190799713134766
2015,0,195,1,"""Connects_cores""",46,47,1090,28645.88,1731,1731.8376693167518,26.280000686645508,16.549999237060547,-1,1688.260009765625,16.96769905090332
2015,0,197,1,"""Connects_cores""",51,68,13547,226232.41,14536,14536.967544533936,16.700000762939453,15.5600004196167,-1,3183.090087890625,71.0730972290039
2015,0,198,1,"""Connects_cores""",54,59,6243,99988.16,6853,6853.8896369782115,16.020000457763672,14.59000015258789,-1,2788.89990234375,35.85219955444336
2015,0,199,1,"""Connects_cores""",54,64,3751,92764.32,6136,6136.538998650069,24.729999542236328,15.119999885559082,-1,2914.659912109375,31.826799392700195
2015,0,200,1,"""Connects_cores""",55,65,7072,209551.14,13781,13781.240326380092,29.6299991607666,15.210000038146973,-1,10530.400390625,19.899599075317383
2015,0,201,1,"""Connects_cores""",55,68,9454,191064.52,13175,13175.72736674816,20.209999084472656,14.5,-1,7806.009765625,24.476600646972656
2015,0,202,1,"""Connects_cores""",55,70,6599,175490.52,8427,8427.56502714051,26.59000015258789,20.81999969482422,-1,6585.5498046875,26.64780044555664
2015,0,203,1,"""Connects_cores""",55,72,6929,115659.61,7849,7849.188278053327,16.690000534057617,14.739999771118164,-1,5539.60986328125,20.878700256347656
2015,0,204,1,"""Connects_cores""",55,73,7521,121792.78,8389,8389.1883180232835,16.190000534057617,14.520000457763672,-1,5658.0400390625,21.52560043334961
2015,0,205,1,"""Connects_cores""",59,62,3198,52068.24,3351,3351.8375892248728,16.280000686645508,15.539999961853027,-1,1472.780029296875,35.353599548339844
2015,0,206,1,"""Connects_cores""",59,64,590,18255.67,1145,1145.5129996018886,30.940000534057617,15.9399995803833,-1,508.42401123046875,35.90639877319336
2015,0,207,1,"""Connects_cores""",59,82,15162,284721.94,17850,17850.42855393049,18.780000686645508,15.949999809265137,-1,4103.2099609375,69.39009857177734
2015,0,208,1,"""Connects_cores""",62,82,19990,355722.13,22899,22899.019339878316,17.799999237060547,15.529999732971191,-1,4730.56982421875,75.19640350341797
2015,0,209,1,"""Connects_cores""",62,94,28068,469662.66,31037,31037.39596067103,16.729999542236328,15.130000114440918,-1,5332.7900390625,88.0707015991211
2015,0,210,1,"""Connects_cores""",63,64,1654,487970.97,6294,6294.701319227929,295.0199890136719,77.529998779296875,-1,36360.8984375,13.42020034790039
2015,0,211,1,"""Connects_cores""",64,79,15244,252416.91,16920,16920.642844650367,16.559999465942383,14.920000076293945,-1,4782.5400390625,52.778900146484375
2015,0,212,1,"""Connects_cores""",64,82,12857,265408.16,15316,15316.538936714407,20.639999389648437,17.329999923706055,-1,3718.60009765625,71.37310028076172
2015,0,213,1,"""Connects_cores""",65,67,597,65102.8,2225,2225.513050251765,109.05000305175781,29.260000228881836,-1,10570.2998046875,6.159060001373291
2015,0,214,1,"""Connects_cores""",65,68,1326,50927.46,2831,2831.02600988238,38.40999984741211,17.989999771118164,-1,3746.090087890625,13.594799995422363
2015,0,215,1,"""Connects_cores""",65,73,6078,136129.08,9013,9013.88963828132,22.399999618530273,15.100000381469727,-1,5647.0400390625,24.106300354003906
2015,0,216,1,"""Connects_cores""",67,68,1246,51730.05,2001,2001.8377393037806,41.52000045776367,25.850000381469727,-1,8597.75,6.016689777374268
2015,0,217,1,"""Connects_cores""",68,73,7255,117636.22,8408,8408.376707938653,16.209999084472656,13.989999771118164,-1,2938.179931640625,40.037200927734375
2015,0,218,1,"""Connects_cores""",68,79,16260,235954.7,17005,17005.344112801573,14.510000228881836,13.880000114440918,-1,3735.6298828125,63.163299560546875
2015,0,219,1,"""Connects_cores""",68,83,15588,238549.06,17198,17198.590935266806,15.300000190734863,13.869999885559082,-1,3150.989990234375,75.70610046386719
2015,0,220,1,"""Connects_cores""",70,72,3643,94329.87,4609,4609.188279657406,25.889999389648438,20.469999313354492,-1,3261.7900390625,28.919700622558594
2015,0,221,1,"""Connects_cores""",72,73,1316,22013.53,1573,1573.6753194504015,16.729999542236328,13.989999771118164,-1,1226.199951171875,17.952600479125977
2015,0,222,1,"""Connects_cores""",73,83,18247,257160.8,18644,18644.532481204362,14.09000015258789,13.789999961853027,-1,3445.5400390625,74.63580322265625
2015,0,223,1,"""Connects_cores""",73,88,17675,311628.59,21024,21024.915544802756,17.6299991607666,14.819999694824219,-1,8749.73046875,35.61579895019531
2015,0,224,1,"""Connects_cores""",79,82,6973,171645.52,8836,8836.53906921163,24.6200008392334,19.43000030517578,-1,4352.2099609375,39.43870162963867
2015,0,225,1,"""Connects_cores""",79,83,5505,88331.95,6406,6406.539027212095,16.049999237060547,13.789999961853027,-1,2578.8798828125,34.25199890136719
2015,0,226,1,"""Connects_cores""",79,84,3358,69927.91,4451,4451.0259590803125,20.81999969482422,15.710000038146973,-1,3911.93994140625,17.875499725341797
2015,0,227,1,"""Connects_cores""",82,84,5161,196503.8,10224,10224.915516116685,38.06999969482422,19.219999313354492,-1,5090.56005859375,38.601600646972656
2015,0,228,1,"""Connects_cores""",82,94,9168,143985.19,11062,11062.05197803856,15.710000038146973,13.020000457763672,-1,3525.949951171875,40.835899353027344
2015,0,229,1,"""Connects_cores""",83,84,6316,115004.81,7737,7737.350657934348,18.209999084472656,14.859999656677246,-1,3818.719970703125,30.116100311279297
2015,0,230,1,"""Connects_cores""",83,85,1288,32752.36,2067,2067.350558964305,25.43000030517578,15.850000381469727,-1,2298.330078125,14.250499725341797
2015,0,232,1,"""Connects_cores""",84,89,8792,179787.34,11127,11127.564826988866,20.450000762939453,16.15999984741211,-1,3767.340087890625,47.72269821166992
2015,0,233,1,"""Connects_cores""",84,91,10108,175596.52,11482,11482.26623583637,17.3700008392334,15.289999961853027,-1,3891.43994140625,45.12379837036133
2015,0,234,1,"""Connects_cores""",84,94,9169,134506.55,10178,10178.590786369608,14.670000076293945,13.220000267028809,-1,4090.56005859375,32.882198333740234
2015,0,235,1,"""Connects_cores""",84,96,10123,147090.39,12030,12030.214108571283,14.529999732971191,12.229999542236328,-1,4579.66015625,32.11819839477539
2015,0,236,1,"""Connects_cores""",85,89,3800,90910.44,4655,4655.512938694984,23.920000076293945,19.530000686645508,-1,3189.89990234375,28.499500274658203
2015,0,237,1,"""Connects_cores""",87,88,2088,112976.76,5959,5959.188258870774,54.11000061035156,18.959999084472656,-1,5298.9599609375,21.320600509643555
2015,0,238,1,"""Connects_cores""",89,91,1851,33895.72,2271,2271.8377092867086,18.309999465942383,14.930000305175781,-1,1137.6199951171875,29.795400619506836
2015,0,239,1,"""Connects_cores""",89,92,1868,34484.05,2383,2383.675400116808,18.459999084472656,14.470000267028809,-1,1438.31005859375,23.975299835205078
2015,0,240,1,"""Connects_cores""",91,92,636,15144.96,1080,1079.9999799411744,23.809999465942383,14.020000457763672,-1,1068.5999755859375,14.172800064086914
2015,0,241,1,"""Connects_cores""",91,95,3415,54047.07,3911,3911.025948400403,15.829999923706055,13.819999694824219,-1,1965,27.504899978637695
2015,0,242,1,"""Connects_cores""",91,96,10048,117719.42,11872,11872.051917280096,11.720000267028809,9.920000076293945,-1,2425.820068359375,48.5276985168457
2015,0,243,1,"""Connects_cores""",91,101,5350,92337.46,6275,6275.512987893519,17.260000228881836,14.720000267028809,-1,2024.1199951171875,45.618499755859375
2015,0,244,1,"""Connects_cores""",91,104,7548,112412.22,8697,8697.56496783414,14.890000343322754,12.930000305175781,-1,2063.510009765625,54.47610092163086
2015,0,245,1,"""Connects_cores""",92,95,2646,40695.23,2942,2942.8636178674806,15.380000114440918,13.829999923706055,-1,2061.610107421875,19.739500045776367
2015,0,246,1,"""Connects_cores""",94,96,2965,32374.04,3799,3799.1882989902947,10.920000076293945,8.520000457763672,-1,1365.22998046875,23.713199615478516
2015,0,247,1,"""Connects_cores""",94,97,1821,21409.15,2607,2607.350669643287,11.760000228881836,8.210000038146973,-1,830.447021484375,25.78030014038086
2015,0,248,1,"""Connects_cores""",95,98,3298,62168.84,4181,4181.0260183837145,18.850000381469727,14.869999885559082,-1,2628.669921875,23.650299072265625
2015,0,249,1,"""Connects_cores""",95,100,3493,53691.76,3891,3891.8376291966924,15.369999885559082,13.800000190734863,-1,2767.81005859375,19.39859962463379
2015,0,250,1,"""Connects_cores""",95,101,5049,95934.4,6900,6900.214237436713,19,13.899999618530273,-1,2773.02001953125,34.59560012817383
2015,0,252,1,"""Connects_cores""",96,97,2014,23831.58,2495,2495.5129788126324,11.829999923706055,9.550000190734863,-1,1380.260009765625,17.266000747680664
2015,0,253,1,"""Connects_cores""",96,104,7057,80907.34,7999,7999.402607287101,11.460000038146973,10.109999656677246,-1,2205.639892578125,36.682098388671875
2015,0,254,1,"""Connects_cores""",97,104,8658,98154.66,9823,9823.889548231184,11.34000015258789,9.989999771118164,-1,1891.0899658203125,51.90359878540039
2015,0,255,1,"""Connects_cores""",98,100,1683,41293.72,2383,2383.6752294045473,24.540000915527344,17.329999923706055,-1,2018.489990234375,20.457700729370117
2015,0,256,1,"""Connects_cores""",98,102,741,19978.57,1303,1303.6752494652353,26.959999084472656,15.329999923706055,-1,1843.8199462890625,10.835399627685547
2015,0,257,1,"""Connects_cores""",100,102,601,31303.32,1415,1415.513069585754,52.09000015258789,22.1200008392334,-1,2017.6199951171875,15.515000343322754
2015,0,258,1,"""Connects_cores""",100,103,880,19091.22,1303,1303.6754201787999,21.690000534057617,14.649999618530273,-1,1418.77001953125,13.456100463867188
2015,0,259,1,"""Connects_cores""",101,103,544,12762.48,921,921.837630073517,23.459999084472656,13.859999656677246,-1,863.67901611328125,14.776900291442871
2015,0,260,1,"""Connects_cores""",101,104,3478,49438.19,4339,4339.188338961332,14.210000038146973,11.390000343322754,-1,1740.75,28.40049934387207
2015,0,261,1,"""Connects_cores""",101,105,1379,24358.89,1797,1797.3506889780115,17.65999984741211,13.5600004196167,-1,1578.699951171875,15.429699897766113
2015,0,262,1,"""Connects_cores""",103,104,4845,68553.35,6005,6005.513030040747,14.149999618530273,11.420000076293945,-1,1624.530029296875,42.19900131225586
2015,0,263,1,"""Connects_cores""",103,105,2669,36914.59,3305,3305.512888769961,13.829999923706055,11.170000076293945,-1,1572.8699951171875,23.469499588012695
2015,0,264,1,"""Connects_cores""",103,110,5726,92994.97,7393,7393.8895476572025,16.239999771118164,12.579999923706055,-1,1737.0699462890625,53.53559875488281
2015,0,265,1,"""Connects_cores""",103,112,7720,97174.76,8501,8501.026008853369,12.59000015258789,11.430000305175781,-1,1853.43994140625,52.42940139770508
2015,0,266,1,"""Connects_cores""",104,105,1872,33823.21,2541,2541.8376499827855,18.06999969482422,13.3100004196167,-1,1786.1700439453125,18.936199188232422
2015,0,267,1,"""Connects_cores""",107,108,544,16478.05,921,921.8377300746577,30.290000915527344,17.889999389648438,-1,2594.570068359375,6.350989818572998
2015,0,268,1,"""Connects_cores""",107,110,1368,22924.43,1620,1620.000019909814,16.760000228881836,14.149999618530273,-1,1376.800048828125,16.65049934387207
2015,0,269,1,"""Connects_cores""",107,111,2105,37501.34,2765,2765.5130487983433,17.81999969482422,13.5600004196167,-1,1466.800048828125,25.56679916381836
2015,0,270,1,"""Connects_cores""",108,111,1683,45221.85,2225,2225.512938115192,26.8700008392334,20.31999969482422,-1,2884.419921875,15.678000450134277
2015,0,271,1,"""Connects_cores""",110,111,544,10616.18,810,810.0000099539757,19.520000457763672,13.109999656677246,-1,550.87298583984375,19.271499633789063
2015,0,272,1,"""Connects_cores""",110,112,5973,90202.34,7374,7374.701257744629,15.100000381469727,12.229999542236328,-1,2033.699951171875,44.35369873046875
2015,0,273,1,"""Connects_cores""",111,112,4778,88578.47,6024,6024.701307819445,18.540000915527344,14.699999809265137,-1,1642.530029296875,53.9281005859375
2015,0,274,1,"""Connects_cores""",111,113,541,29858.47,2001,2001.8376393034048,55.189998626708984,14.920000076293945,-1,1513.760009765625,19.724700927734375
2015,0,275,1,"""Connects_cores""",111,114,1201,26627.06,1731,1731.8377107393546,22.170000076293945,15.380000114440918,-1,926.46002197265625,28.7406005859375
2015,0,276,1,"""Connects_cores""",113,114,752,12796.07,1191,1191.8376000601636,17.020000457763672,10.739999771118164,-1,976.98699951171875,13.09749984741211
2015,0,277,1,"""Connects_cores""",113,115,1339,19152.55,1731,1731.8376693180687,14.300000190734863,11.0600004196167,-1,1573.27001953125,12.173700332641602
2015,0,278,1,"""Connects_cores""",114,115,544,19444.68,1191,1191.837600058301,35.7400016784668,16.329999923706055,-1,845.35699462890625,23.001800537109375
2015,0,279,1,"""Connects_cores""",114,116,1442,32084.91,1843,1843.6753187250065,22.25,17.40999984741211,-1,997.25,32.17340087890625
2015,0,280,1,"""Connects_cores""",114,120,7494,101131.61,8539,8539.40264725815,13.5,11.84000015258789,-1,1727.2099609375,58.551998138427734
2015,0,281,1,"""Connects_cores""",114,121,6117,87361.6,7486,7486.53897786399,14.279999732971191,11.670000076293945,-1,1448.3499755859375,60.31809997558594
2015,0,282,1,"""Connects_cores""",115,116,763,19670.37,1191,1191.8377000600003,25.780000686645508,16.520000457763672,-1,924.65301513671875,21.2731990814209
2015,0,283,1,"""Connects_cores""",116,121,3249,36347.35,3864,3864.701347941359,11.1899995803833,9.40999984741211,-1,971.530029296875,37.412498474121094
2015,0,284,1,"""Connects_cores""",116,125,3549,48996.65,5056,5056.53908942077,13.8100004196167,9.6899995803833,-1,1497.81005859375,32.71220016479492
2015,0,285,1,"""Connects_cores""",116,128,5842,98345.43,6163,6163.675309195998,16.829999923706055,15.960000038146973,-1,2499.110107421875,39.352298736572266
2015,0,286,1,"""Connects_cores""",118,120,1792,21376.62,2383,2383.6754294055277,11.930000305175781,8.970000267028809,-1,987.573974609375,21.645599365234375
2015,0,287,1,"""Connects_cores""",118,121,3016,32857.57,3911,3911.0259484004023,10.890000343322754,8.399999618530273,-1,886.364990234375,37.06999969482422
2015,0,288,1,"""Connects_cores""",118,124,1367,21254.15,1955,1955.5130095564098,15.550000190734863,10.869999885559082,-1,1138.93994140625,18.661300659179688
2015,0,289,1,"""Connects_cores""",120,121,1067,10101.73,1415,1415.5128988740348,9.470000267028809,7.139999866485596,-1,439.406005859375,22.989500045776367
2015,0,290,1,"""Connects_cores""",121,122,3278,44916.96,3594,3594.7012486663784,13.699999809265137,12.5,-1,1757.9200439453125,25.55120086669922
2015,0,291,1,"""Connects_cores""",121,124,2335,34191.66,2877,2877.3507103386287,14.640000343322754,11.880000114440918,-1,984.85699462890625,34.71739959716797
2015,0,292,1,"""Connects_cores""",121,125,1579,17629.63,2067,2067.3507296746902,11.170000076293945,8.529999732971191,-1,802.62701416015625,21.96489906311035
2015,0,293,1,"""Connects_cores""",121,126,871,20281.96,1415,1415.5129695846167,23.290000915527344,14.329999923706055,-1,536.1929931640625,37.825801849365234
2015,0,294,1,"""Connects_cores""",122,124,544,8821.83,651,651.8375893776099,16.219999313354492,13.550000190734863,-1,1130.219970703125,7.805409908294678
2015,0,295,1,"""Connects_cores""",125,126,1821,23545,2495,2495.5129788144945,12.930000305175781,9.4399995803833,-1,1084.1300048828125,21.71780014038086
2015,0,296,1,"""Connects_cores""",125,128,2411,45247.87,3101,3101.025979865848,18.770000457763672,14.59000015258789,-1,1821.219970703125,24.84480094909668
2015,0,299,1,"""Connects_cores""",132,134,2185,765057.56,4181,4181.025859804031,350.1400146484375,182.97999572753906,-1,97565.203125,7.8414998054504395
2015,0,304,1,"""Connects_cores""",135,136,5280,1929890.63,7104,7104.70129989002,365.510009765625,271.6600036621094,-1,209907,9.194029808044434
2015,0,305,1,"""Connects_cores""",135,140,6530,1942441.38,8585,8585.72727700407,297.4599914550781,226.25999450683594,-1,225261,8.62304973602295
2015,0,306,1,"""Connects_cores""",135,141,7963,1433041,10336,10336.753306944494,179.9600067138672,138.64999389648437,-1,151426,9.46366024017334
2015,0,307,1,"""Connects_cores""",136,137,4081,724347,6452,6452.863669092432,177.49000549316406,112.2699966430664,-1,112213,6.455140113830566
2015,0,308,1,"""Connects_cores""",136,140,1697,813716.25,3799,3799.1882697007836,479.5,214.19000244140625,-1,71185.8984375,11.430899620056152
2015,0,309,1,"""Connects_cores""",136,143,7310,811590.69,12207,12207.564848346852,111.0199966430664,66.48999786376953,-1,126735,6.403860092163086
2015,0,310,1,"""Connects_cores""",137,143,3623,114028.98,4609,4609.188279656315,31.469999313354492,24.739999771118164,-1,14007.400390625,8.140620231628418
2015,0,311,1,"""Connects_cores""",137,146,6504,497047.94,10475,10475.727166899402,76.41999816894531,47.45000076293945,-1,65822,7.551390171051025
2015,0,312,1,"""Connects_cores""",138,139,661,243361.56,1033,1033.675279481762,368.1700134277344,235.58999633789062,-1,35349.5,6.884429931640625
2015,0,314,1,"""Connects_cores""",139,147,23363,4618625.5,32264,32264.31843333103,197.69000244140625,143.14999389648437,-1,508058,9.090740203857422
2015,0,316,1,"""Connects_cores""",140,141,14044,2531590.75,19219,19219.61683518825,180.25999450683594,131.72000122070312,-1,339363,7.459829807281494
2015,0,317,1,"""Connects_cores""",140,143,5884,338704.97,8184,8184.70130912256,57.560001373291016,41.38999938964844,-1,60195.8984375,5.626709938049316
2015,0,318,1,"""Connects_cores""",140,146,7102,721723.94,14051,14051.240196365647,101.62000274658203,51.36000061035156,-1,111995,6.444240093231201
2015,0,321,1,"""Connects_cores""",140,158,18246,1663042,43877,43877.61047920123,91.1500015258789,37.900001525878906,-1,244735,6.7952799797058105
2015,0,322,1,"""Connects_cores""",141,157,12766,1008372.69,23111,23111.454522964574,78.98999786376953,43.630001068115234,-1,83666.796875,12.052200317382813
2015,0,323,1,"""Connects_cores""",143,146,1875,408316.78,6406,6406.538827213757,217.77000427246094,63.7400016784668,-1,53468.3984375,7.636600017547607
2015,0,324,1,"""Connects_cores""",144,145,969,522620.84,1685,1685.5131102816383,539.34002685546875,310.1600036621094,-1,51289.1015625,10.18970012664795
2015,0,325,1,"""Connects_cores""",144,147,3224,659914.31,4339,4339.188297537648,204.69000244140625,152.08999633789063,-1,64476.30078125,10.234999656677246
2015,0,326,1,"""Connects_cores""",145,147,2331,180811.5,2923,2923.6752693750504,77.56999969482422,61.86000061035156,-1,27658.69921875,6.537230014801025
2015,0,327,1,"""Connects_cores""",146,158,16672,1203269.88,32275,32275.558461189496,72.16999816894531,37.279998779296875,-1,95894.703125,12.547800064086914
2015,0,328,1,"""Connects_cores""",146,184,22146,1131302,29174,29174.532322745272,51.08000183105469,38.779998779296875,-1,90147.703125,12.549400329589844
2015,0,329,1,"""Connects_cores""",147,148,543,188525.02,1033,1033.675379481602,347.19000244140625,182.5,-1,21699.599609375,8.687950134277344
2015,0,330,1,"""Connects_cores""",147,149,1462,218869,2225,2225.5129502506243,149.7100067138672,98.37000274658203,-1,29998,7.2961201667785645
2015,0,331,1,"""Connects_cores""",147,150,601,274061.16,1145,1145.5129288900162,456.010009765625,239.35000610351562,-1,65826.5,4.163390159606934
2015,0,332,1,"""Connects_cores""",147,156,6697,1495569.75,9013,9013.889626145037,223.32000732421875,165.92999267578125,-1,158134,9.457599639892578
2015,0,333,1,"""Connects_cores""",148,149,544,123608.77,1461,1461.837570043637,227.22000122070312,84.61000061035156,-1,20381.69921875,6.064680099487305
2015,0,334,1,"""Connects_cores""",148,150,1353,400287.44,1843,1843.6752894370547,295.8500061035156,217.19000244140625,-1,36299.1015625,11.02750015258789
2015,0,335,1,"""Connects_cores""",149,150,1213,99658.75,2001,2001.8376393020878,82.160003662109375,49.79999923706055,-1,15766.5,6.3209099769592285
2015,0,336,1,"""Connects_cores""",149,156,4327,1102816.38,6676,6676.538938619667,254.8699951171875,165.19000244140625,-1,120724,9.135029792785645
2015,0,337,1,"""Connects_cores""",151,152,2838,761147.19,3733,3733.675379331267,268.20001220703125,203.89999389648437,-1,100935,7.5409698486328125
2015,0,338,1,"""Connects_cores""",151,157,9153,478926.81,12543,12543.077684442937,52.31999969482422,38.18000030517578,-1,40229.8984375,11.90470027923584
2015,0,339,1,"""Connects_cores""",152,157,12421,1311984.5,14228,14228.590865433034,105.62999725341797,92.20999908447266,-1,123373,10.634300231933594
2015,0,340,1,"""Connects_cores""",152,159,7806,1946115.88,10028,10028.376827846449,249.30999755859375,194.07000732421875,-1,104008,18.711299896240234
2015,0,341,1,"""Connects_cores""",152,163,10716,1929464.38,20010,20010.42853807765,180.0500030517578,96.43000030517578,-1,191301,10.086000442504883
2015,0,342,1,"""Connects_cores""",152,165,13071,2437511.5,18976,18976.753187885326,186.47999572753906,128.4499969482422,-1,260197,9.367959976196289
2015,0,343,1,"""Connects_cores""",155,157,804,136604.53,5550,5550.214087509785,169.91000366210937,24.610000610351563,-1,13471.599609375,10.140199661254883
2015,0,346,1,"""Connects_cores""",157,159,12495,816634.38,18968,18968.805142988174,65.36000061035156,43.04999923706055,-1,59854.5,13.643699645996094
2015,0,347,1,"""Connects_cores""",157,166,6525,57829.47,7841,7841.240215999463,8.859999656677246,7.380000114440918,-1,4613.93017578125,12.533699989318848
2015,0,349,1,"""Connects_cores""",158,184,8652,119559.07,10764,10764.915626798811,13.819999694824219,11.109999656677246,-1,8084.35986328125,14.788900375366211
2015,0,350,1,"""Connects_cores""",159,162,606,536175.31,1191,1191.8376293481122,884.780029296875,450.19000244140625,-1,66551.6015625,8.056529998779297
2015,0,352,1,"""Connects_cores""",159,167,2873,713844,4944,4944.701327880125,248.47000122070312,144.38999938964844,-1,59458.6015625,12.00570011138916
2015,0,353,1,"""Connects_cores""",159,178,6691,716395.19,8408,8408.37660793696,107.06999969482422,85.19999694824219,-1,55244.5,12.967700004577637
2015,0,354,1,"""Connects_cores""",162,163,1909,427698.88,3891,3891.8377999052245,224.0399932861328,109.91999816894531,-1,69513.5,6.152740001678467
2015,0,355,1,"""Connects_cores""",162,167,3179,940149.38,4786,4786.538978014335,295.739990234375,196.44000244140625,-1,157507,5.968949794769287
2015,0,356,1,"""Connects_cores""",162,171,2698,946327.5,4674,4674.7012993181315,350.75,202.47000122070312,-1,139871,6.765719890594482
2015,0,357,1,"""Connects_cores""",163,165,4220,1112366.38,7374,7374.701299164839,263.5899963378906,150.85000610351562,-1,65453.5,16.994699478149414
2015,0,358,1,"""Connects_cores""",163,170,1071,401696.66,1461,1461.8377700438427,375.07000732421875,274.95001220703125,-1,49538.3984375,8.108790397644043
2015,0,359,1,"""Connects_cores""",163,171,2111,826499.56,2877,2877.350668917332,391.5199890136719,287.2799987792969,-1,100614,8.214559555053711
2015,0,360,1,"""Connects_cores""",165,170,3957,1207946.5,5326,5326.5390179840515,305.2699890136719,226.8000030517578,-1,125515,9.623920440673828
2015,0,362,1,"""Connects_cores""",165,175,803,310311.31,1461,1461.8375993315856,386.44000244140625,212.39999389648437,-1,35339.30078125,8.780900001525879
2015,0,364,1,"""Connects_cores""",166,169,1089,15159.03,1573,1573.6753194522676,13.920000076293945,9.640000343322754,-1,2143.81005859375,7.071070194244385
2015,0,365,1,"""Connects_cores""",166,176,1642,33952.39,2113,2113.675330131083,20.68000030517578,16.06999969482422,-1,2994.2099609375,11.339300155639648
2015,0,367,1,"""Connects_cores""",167,171,1877,628908,2449,2449.188349066958,335.05999755859375,256.79998779296875,-1,44853.80078125,14.021300315856934
2015,0,368,1,"""Connects_cores""",167,172,970,126555.75,5326,5326.538947272954,130.47000122070312,23.760000228881836,-1,21514.099609375,5.882450103759766
2015,0,369,1,"""Connects_cores""",167,178,3529,91159.78,6136,6136.5388986483895,25.829999923706055,14.859999656677246,-1,14026.7001953125,6.499020099639893
2015,0,370,1,"""Connects_cores""",169,176,1245,46150.44,3463,3463.6752386349904,37.06999969482422,13.329999923706055,-1,3705.6298828125,12.454099655151367
2015,0,371,1,"""Connects_cores""",169,183,5222,72669.75,6853,6853.889619821195,13.920000076293945,10.600000381469727,-1,4145.8798828125,17.528200149536133
2015,0,372,1,"""Connects_cores""",169,187,6323,86886.3,8427,8427.565039273293,13.739999771118164,10.3100004196167,-1,5571.240234375,15.595499992370605
2015,0,373,1,"""Connects_cores""",169,188,6256,99129.31,8334,8334.915738356698,15.850000381469727,11.890000343322754,-1,8085.77001953125,12.259699821472168
2015,0,374,1,"""Connects_cores""",170,171,1335,602034.06,1797,1797.3506889780115,450.9599914550781,335.0199890136719,-1,73844.203125,8.152759552001953
2015,0,375,1,"""Connects_cores""",170,179,3249,1235622.88,3752,3752.863627823864,380.30999755859375,329.32000732421875,-1,145174,8.511300086975098
2015,0,376,1,"""Connects_cores""",171,172,1683,526467,2113,2113.6752594197596,312.80999755859375,249.16000366210937,-1,68606.6015625,7.673709869384766
2015,0,377,1,"""Connects_cores""",171,175,3265,762384.06,4385,4385.512939417735,233.5,173.86000061035156,-1,64485.8984375,11.822500228881836
2015,0,379,1,"""Connects_cores""",171,179,1462,363540.69,2495,2495.512978813723,248.66000366210937,145.7100067138672,-1,47456.6015625,7.66048002243042
2015,0,380,1,"""Connects_cores""",171,189,803,300951.97,1731,1731.8378107373221,374.7799987792969,173.86000061035156,-1,34183.30078125,8.804059982299805
2015,0,382,1,"""Connects_cores""",172,178,2449,75000.31,4879,4879.188349643341,30.6200008392334,15.369999885559082,-1,13527.7998046875,5.544179916381836
2015,0,383,1,"""Connects_cores""",174,175,816,319680.81,1573,1573.6753901622865,391.7699890136719,203.22999572753906,-1,33851.8984375,9.443519592285156
2015,0,384,1,"""Connects_cores""",174,180,544,364908.25,1731,1731.8377400286333,670.78997802734375,210.80999755859375,-1,38375.6015625,9.50885009765625
2015,0,385,1,"""Connects_cores""",174,182,1527,867501.25,2989,2989.188318327451,568.1099853515625,290.2300109863281,-1,90283,9.60867977142334
2015,0,386,1,"""Connects_cores""",174,185,1071,798954.31,1303,1303.6754201787999,745.989990234375,613.16998291015625,-1,127502,6.26623010635376
2015,0,387,1,"""Connects_cores""",175,179,816,520061.63,1350,1350.000049924478,637.33001708984375,385.2300109863281,-1,51519.30078125,10.094499588012695
2015,0,388,1,"""Connects_cores""",175,180,606,57369.29,1461,1461.8376993314157,94.66999816894531,39.27000045776367,-1,16583.400390625,3.459439992904663
2015,0,389,1,"""Connects_cores""",175,185,2112,834924.5,3305,3305.513059479025,395.32000732421875,252.6199951171875,-1,149836,5.572249889373779
2015,0,390,1,"""Connects_cores""",175,196,6633,1903736.88,8026,8026.538747121106,287.010009765625,237.1999969482422,-1,269712,7.058410167694092
2015,0,391,1,"""Connects_cores""",176,178,816,7849.83,1191,1191.8376293475665,9.619999885559082,6.590000152587891,-1,982.3280029296875,7.991040229797363
2015,0,392,1,"""Connects_cores""",176,181,816,146197.42,1843,1843.6752894357376,179.16000366210937,79.33000183105469,-1,26789.400390625,5.457280158996582
2015,0,393,1,"""Connects_cores""",176,188,1803,116966.74,6583,6583.889749834921,64.87000274658203,17.770000457763672,-1,8057.25,14.516900062561035
2015,0,394,1,"""Connects_cores""",177,183,1339,99006.66,1731,1731.8377400286333,73.94000244140625,57.20000076293945,-1,15794.2001953125,6.268529891967773
2015,0,396,1,"""Connects_cores""",177,187,2310,115198.48,3687,3687.3507495850567,49.869998931884766,31.239999771118164,-1,17570.400390625,6.556389808654785
2015,0,397,1,"""Connects_cores""",178,181,749,142130.97,1349,1349.9999499246478,189.75999450683594,105.36000061035156,-1,26445.099609375,5.3745598793029785
2015,0,399,1,"""Connects_cores""",181,188,1339,304405.56,1731,1731.8377400267707,227.33999633789062,175.86000061035156,-1,20418.900390625,14.908100128173828
2015,0,400,1,"""Connects_cores""",182,185,816,701218.38,1191,1191.8377000581377,859.34002685546875,588.760009765625,-1,157026,4.465630054473877
2015,0,401,1,"""Connects_cores""",183,187,657,14278.79,1461,1461.8376700434671,21.729999542236328,9.770000457763672,-1,2446.14990234375,5.837250232696533
2015,0,403,1,"""Connects_cores""",184,190,2680,23578.31,3594,3594.701307245466,8.800000190734863,6.559999942779541,-1,1368.4300537109375,17.230100631713867
2015,0,404,1,"""Connects_cores""",184,194,5972,60457.54,8763,8763.077875363557,10.119999885559082,6.900000095367432,-1,2042.219970703125,29.60379981994629
2015,0,405,1,"""Connects_cores""",186,188,976,78095.97,2225,2225.513120961012,80.0199966430664,35.099998474121094,-1,13534,5.77032995223999
2015,0,406,1,"""Connects_cores""",187,188,10959,133873.41,15169,15169.617038976043,12.220000267028809,8.829999923706055,-1,8354.9404296875,16.023300170898438
2015,0,407,1,"""Connects_cores""",187,190,1228,54255.23,5214,5214.701297865471,44.18000030517578,10.40999984741211,-1,3568.97998046875,15.201899528503418
2015,0,408,1,"""Connects_cores""",188,190,10124,136314.22,12338,12338.590946248663,13.460000038146973,11.050000190734863,-1,5732.4599609375,23.779399871826172
2015,0,409,1,"""Connects_cores""",189,196,4017,1216521,5168,5168.376638827884,302.8399963378906,235.38999938964844,-1,164968,7.374269962310791
2015,0,410,1,"""Connects_cores""",190,194,8145,72016.73,10093,10093.889518216525,8.84000015258789,7.139999866485596,-1,1983.31005859375,36.31129837036133
2015,0,411,1,"""Connects_cores""",190,205,5228,72641.3,7868,7868.376597255744,13.890000343322754,9.229999542236328,-1,1459.9599609375,49.75559997558594
2015,0,412,1,"""Connects_cores""",190,212,12292,99322.09,14097,14097.564984692068,8.079999923706055,7.050000190734863,-1,1678.47998046875,59.17380142211914
2015,0,414,1,"""Connects_cores""",192,197,3847,1162858.88,9303,9303.07789817626,302.2799987792969,125,-1,81669.6015625,14.23859977722168
2015,0,415,1,"""Connects_cores""",192,198,848,241654.42,1843,1843.675289435741,284.9700012207031,131.1199951171875,-1,43337,5.576169967651367
2015,0,416,1,"""Connects_cores""",192,200,3093,1011746.75,4134,4134.7012886355615,327.1099853515625,244.74000549316406,-1,79207.8984375,12.773300170898437
2015,0,417,1,"""Connects_cores""",194,202,4542,82854.21,7104,7104.701287759307,18.239999771118164,11.65999984741211,-1,1714.989990234375,48.31169891357422
2015,0,418,1,"""Connects_cores""",194,205,9447,128574.48,13083,13083.07800725303,13.609999656677246,9.829999923706055,-1,2621.5,49.046199798583984
2015,0,419,1,"""Connects_cores""",195,198,616,25539.84,1461,1461.8377993325628,41.459999084472656,17.479999542236328,-1,4235.64013671875,6.029739856719971
2015,0,420,1,"""Connects_cores""",196,197,4483,872952.5,7532,7532.863607609916,194.72999572753906,115.9000015258789,-1,86311.8984375,10.113900184631348
2015,0,421,1,"""Connects_cores""",197,200,1085,221682.7,2225,2225.512979539893,204.32000732421875,99.62999725341797,-1,40133.19921875,5.523680210113525
2015,0,422,1,"""Connects_cores""",198,200,2079,379198.75,2765,2765.5130195090815,182.38999938964844,137.13999938964844,-1,40469.8984375,9.369890213012695
2015,0,423,1,"""Connects_cores""",198,203,1071,81338.39,3147,3147.3506389026793,75.94999694824219,25.850000381469727,-1,11336.900390625,7.174670219421387
2015,0,424,1,"""Connects_cores""",198,204,979,113779.65,3957,3957.3507488577916,116.22000122070312,28.75,-1,13040.900390625,8.724800109863281
2015,0,425,1,"""Connects_cores""",200,204,3844,253528.13,5149,5149.188319625493,65.94999694824219,49.2400016784668,-1,34230.5,7.406499862670898
2015,0,426,1,"""Connects_cores""",200,206,6048,296103.31,8203,8203.889586903086,48.959999084472656,36.099998474121094,-1,39530.69921875,7.49045991897583
2015,0,427,1,"""Connects_cores""",203,204,581,157686.59,1145,1145.5129288913372,271.4100036621094,137.72000122070312,-1,15501,10.172599792480469
2015,0,428,1,"""Connects_cores""",204,206,1927,155068.3,2607,2607.350698934631,80.470001220703125,59.47999954223633,-1,11888.599609375,13.043499946594238
2015,0,429,1,"""Connects_cores""",205,212,10301,93703.09,13083,13083.077895124376,9.100000381469727,7.159999847412109,-1,1939.0699462890625,48.32379913330078
2015,0,430,1,"""Connects_cores""",207,210,1940,23431.99,2337,2337.3505996588724,12.079999923706055,10.029999732971191,-1,1097.719970703125,21.34600067138672
2015,0,431,1,"""Connects_cores""",208,209,1687,41208.26,2765,2765.5129195105687,24.43000030517578,14.899999618530273,-1,2515.780029296875,16.379899978637695
2015,0,432,1,"""Connects_cores""",208,214,3663,157695.83,5531,5531.026021861117,43.04999923706055,28.510000228881836,-1,9201.1396484375,17.138700485229492
2015,0,433,1,"""Connects_cores""",208,217,4953,190377.08,8231,8231.025838867838,38.439998626708984,23.1299991607666,-1,15629.5,12.180700302124023
2015,0,434,1,"""Connects_cores""",209,217,3317,151914.44,4813,4813.675329978346,45.79999923706055,31.559999465942383,-1,15385.2998046875,9.873990058898926
2015,0,435,1,"""Connects_cores""",214,219,5268,1588184.5,9144,9144.91550688916,301.4800109863281,173.69000244140625,-1,47054.5,33.75199890136719
2015,0,436,1,"""Connects_cores""",219,222,969,279749.72,1890,1889.9998898934573,288.70001220703125,148.02000427246094,-1,30178.69921875,9.269769668579102
